,Topic,Description,Organization,License Type,Software Type
0,Andes MCUlib,, Andes,, 
1,Bronzebeard,, Andrew DaileyAndrew Dailey,, 
2,BSC RISC-V Vector Toolchain (BRVT),, Barcelona Supercomputing Center,, 
3,Clang/LLVM,, Alex Bradbury (lowRISC),, 
4,CompCert,, Xavier Leroy,, 
5,GCC,," Andrew Waterman (SiFive), Palmer Dabbelt (Google), Jim Wilson (SiFive), Kito Cheng (SiFive)",, 
6,Glibc,," Palmer Dabbelt (Google), Andrew Waterman (SiFive), DJ Delorie (Red Hat), Darius Rad(Bluespec)",, 
7,GNU MCU Eclipse RISC-V Embedded GCC (riscv-non-embed-gcc),, Liviu lonescu,, 
8,Green Hills Optimizing C/C++ Compilers,, Green Hills,, 
9,IAR Systems Optimizing C/C++ Compilers,, IAR SystemsIAR Systems,, 
