,Topic,Description,Organization,License Type,Software Type
0,Ashling RiscFree Debugger,, Ashling,, 
1,GDB,," Andrew Burgess (Embecosm), Palmer Dabbelt (Google)",, 
2,GNU MCU Eclipse OpenOCD,, Liviu Ionescu,, 
3,Green Hills Probe,, Green Hills,, 
4,GRMON,, Cobham Gaisler,, 
5,IAR Systems I-jet Probe,, IAR Systems,, 
6,IAR Systems I-jet Trace Probe,, IAR Systems,, 
7,Imperas Multi Processor Debugger,, Imperas,, 
8,OpenOCD,," Tim Newsome (SiFive), Megan Wachs (SiFive), Palmer Dabbelt (Google)",, 
9,Ozone â€“ the J-Link Debugger,, SEGGER,, 
