,Topic,Description,Organization,License Type,Software Type
0,AndeSight IDE,, Andes,, 
1,Ashling RiscFreeTM IDE,, Ashling,, 
2,Embedded Studio,, SEGGER,, 
3,Freedom Studio,, SiFive,, 
4,GCC Sourcery CodeBench Lite,," Mentor, a Siemens Business",, 
5,GNU MCU Eclipse,, Liviu Ionescu,, 
6,IAR Build Tools for Linux for RISC-V,, IAR Systems,, 
7,IAR Embedded Workbench,, IAR Systems,, 
8,"IAR Embedded Workbench for RISC-V, Functional safety",, IAR Systems,, 
9,Imperas M*SDK,, Imperas,, 
10,JianChi CDK,, T-Head (Alibaba group),, 
11,LLVM Sourcery CodeBench Lite,," Mentor, a Siemens Business",, 
12,MULTI IDE,, Green Hills,, 
13,Nuclei Studio,, Nuclei System Technology,, 
14,PlatformIO,, PlatformIO,, 
15,riscv-gnu-toolchain,, RISC-V International,, 
16,RT-Thread Studio,, RT-Thread,, 
17,SoftConsole,, Microchip,, 
