,Topic,Description,Organization,License Type,Software Type
0,AndeSight IDE,, Andes,, IDEs and SDKs 
1,Ashling RiscFreeTM IDE,, Ashling,, IDEs and SDKs 
2,Embedded Studio,, SEGGER,, IDEs and SDKs 
3,Freedom Studio,, SiFive,, IDEs and SDKs 
4,GCC Sourcery CodeBench Lite,," Mentor, a Siemens Business",, IDEs and SDKs 
5,GNU MCU Eclipse,, Liviu Ionescu,, IDEs and SDKs 
6,IAR Build Tools for Linux for RISC-V,, IAR Systems,, IDEs and SDKs 
7,IAR Embedded Workbench,, IAR Systems,, IDEs and SDKs 
8,"IAR Embedded Workbench for RISC-V, Functional safety",, IAR Systems,, IDEs and SDKs 
9,Imperas M*SDK,, Imperas,, IDEs and SDKs 
10,JianChi CDK,, T-Head (Alibaba group),, IDEs and SDKs 
11,LLVM Sourcery CodeBench Lite,," Mentor, a Siemens Business",, IDEs and SDKs 
12,MULTI IDE,, Green Hills,, IDEs and SDKs 
13,Nuclei Studio,, Nuclei System Technology,, IDEs and SDKs 
14,PlatformIO,, PlatformIO,, IDEs and SDKs 
15,riscv-gnu-toolchain,, RISC-V International,, IDEs and SDKs 
16,RT-Thread Studio,, RT-Thread,, IDEs and SDKs 
17,SoftConsole,, Microchip,, IDEs and SDKs 
