﻿rank,name,commits
1,nvpstr,120
2,nv-kkudrynski,87
3,GrzegorzKarchNV,58
4,sharathts,42
5,alancucki,37
6,byshiue,28
7,shashank3959,19
8,hXl3s,18
9,pribalta,18
10,maggiezha,14
11,sharath-ts,14
12,tgrel,14
13,jconwayNV,13
14,asulecki,13
15,szmigacz,13
16,shakandrew,12
17,rajeevsrao,12
18,swethmandava,10
19,mmarcinkiewicz,10
20,yzhang123,10
21,milesial,9
22,vinhngx,8
23,alvarognvidia,8
24,mikolajblaz,7
25,peri044,7
26,jan-golda,7
27,nvcforster,5
28,nv-dmajchrowski,4
29,mingxu1067,4
30,ShriyaPalsamudram,4
31,trentlo,4
32,cliffwoolley,4
33,michal2409,3
34,PiotrBigajNV,3
35,subhankar-ghosh,3
36,timmoon10,2
37,i-amgeek,2
38,tlkh,2
39,khoa-ho,2
40,mkfilipiuk,2
41,eric-haibin-lin,2
42,piotrm-nvidia,2
43,dependabot[bot],2
44,andabi,2
45,ahmadki,2
46,nluehr,2
47,372046933,2
48,mwawrzos,2
49,lapolonio,2
50,t-kusanagi,2
51,jkosek,2
52,ChenYuHo,2
53,HanbumKo,1
54,roclark,1
55,moconnor725,1
56,JanuszL,1
57,nvgarvitk,1
58,jantonguirao,1
59,DEKHTIARJonathan,1
60,haamis,1
61,marta-sd,1
62,skierat,1
63,abhisawa-Nvidia,1
64,XuesongYang,1
65,Peter-1213,1
66,lazykyama,1
67,slayton58,1
68,KsenijaS,1
69,jdemouth,1
70,shangw-nvidia,1
71,yuanzhedong,1
72,feifeibear,1
73,yhgon,1
74,narendasan,1
75,amrragab8080,1
76,csarofeen,1
77,zhiqwang,1
78,alexpod1000,1
79,menggeliu1205,1
80,jqueguiner,1
81,cschaefer26,1
82,yaoyiran,1
83,shutovilya,1
84,ijovicic-nv,1
