﻿rank,name,commits
1,sjeaugey,86
2,borisfom,19
3,nluehr,13
4,AddyLaddy,7
5,chsigg,6
6,lukeyeager,5
7,kwen2501,4
8,kylefernandes,3
9,lowintelligence,2
10,jia-kai,2
11,flx42,2
12,void-main,1
13,alsrgv,1
14,ilya-biryukov,1
15,drpnd,1
16,cwhipkey,1
17,peterhj,1
18,rashikakheria,1
19,yangky11,1
20,Riatre,1
21,aokomoriuta,1
22,rongou,1
23,apaszke,1
24,sclarkson,1
25,slayton58,1
26,chr1sj0nes,1
27,badgerious,1
28,jakirkham,1
29,Obihoernchen,1
30,jonaszhou1,1
31,rajatchopra,1
32,christopherhesse,1
33,sl1pkn07,1
34,changlan,1
35,cliffwoolley,1
