﻿rank,name,commits
1,allisonvacanti,136
2,senior-zero,67
3,brycelelbach,47
4,dumerrill,23
5,elstehle,22
6,zasdfgbnm,14
7,canonizer,11
8,dkolsen-pgi,7
9,mnicely,6
10,andrewcorrigan,5
11,kshitij12345,5
12,robertmaynard,5
13,fkallen,4
14,himanshu007-creator,4
15,MatthiasKohl,3
16,Balnian,3
17,elehcim,2
18,Artem-B,2
19,Peter9606,2
20,hwinkler,2
21,seunghwak,2
22,nv-dlasalle,2
23,codereport,2
24,ByteHamster,2
25,psvvsp,2
26,griwes,2
27,zingdle,1
28,ebrevdo,1
29,rongou,1
30,ahehn-nv,1
31,RAMitchell,1
32,atchouprakov,1
33,matt-stack,1
34,leofang,1
35,kkraus14,1
36,lilohuang,1
37,MKKnorr,1
38,makortel,1
39,lukeyeager,1
40,rukshan99,1
