﻿rank,name,commits
1,dholt,811
2,ajdecon,708
3,supertetelman,538
4,michael-balint,300
5,ctierneynv,93
6,lukeyeager,82
7,tuttlebr,42
8,mboglesby,34
9,yangatgithub,33
10,vtlrazin,32
11,avolkov1,22
12,elgalu,18
13,NVFattyRichness,15
14,issamsaid,13
15,satindern,11
16,mkunin-nvidia,10
17,nvhans,10
18,itzsimpl,7
19,phogan-nvidia,7
20,crd477,6
21,ryanolson,6
22,nuka137,5
23,khoa-ho,5
24,seyong-um,4
25,tvincereed,3
26,michaelfuckner,3
27,ScottESanDiego,3
28,CJCShadowsan,3
29,bulldude,3
30,iamadrigal,3
31,hightoxicity,3
32,henrysecond1,2
33,biocyberman,2
34,chychen,2
35,mfoco,2
36,rmccorm4,2
37,murata-yu,1
38,joehandzik,1
39,jnbntz,1
40,jfolz,1
41,robsondepaula,1
42,andiariffin,1
43,minwhoo,1
44,weeellz,1
45,h3z,1
46,ehudkaldor,1
47,remcovergoossen,1
48,c1230a,1
49,zyndagj,1
50,ksasagit,1
51,stiantoften,1
52,fredrikand,1
53,timuster,1
54,tcarland,1
55,YH-Wu,1
56,fredvx,1
