﻿rank,name,commits
1,kerrmudgeon,53
2,hwu36,24
3,Peter9606,13
4,dumerrill,13
5,Artem-B,8
6,mani-ananth,7
7,masahi,6
8,hzfan,4
9,zheng95z,4
10,jackkosaian,3
11,kroburg,3
12,peisun1115,3
13,tjingrant,2
14,JanuszL,2
15,antinucleon,2
16,manishucsd,2
17,jspark1105,2
18,depaulmillz,2
19,sjfeng1999,2
20,minminsun,1
21,BernardoCovas,1
22,jianyuh,1
23,TimmyLiu,1
24,HouQiming,1
25,reed-lau,1
26,lw921014,1
27,jacobhess118,1
28,chenyang78,1
29,yzhaiustc,1
30,andralex,1
31,gthomascollignon,1
32,d-k-b,1
33,mnicely,1
34,yueyericardo,1
35,thakkarV,1
36,yanghaojin,1
37,Xseventh,1
38,SpringWave1,1
39,dongxiao92,1
40,qingyunqu,1
41,YangWang92,1
42,xue-fc,1
43,Exusial,1
44,dfyz,1
