﻿rank,name,commits
1,mrdoob,"3,574"
2,alteredq,"1,458"
3,gero3,244
4,bhouston,217
5,zz85,215
6,WestLangley,90
7,sole,59
8,jox81,27
9,arodic,26
10,jbaicoianu,25
11,timknip2,20
12,insominx,18
13,jahting,17
14,stephomi,17
15,philogb,16
16,bartmcleod,15
17,tapio,14
18,jsermeno,13
19,PaulJacobs,13
20,ekitson,13
21,qiao,12
22,erichlof,12
23,egraether,12
24,jlewin,11
25,ivankuzev,11
26,MiiBond,11
27,gregtatum,11
28,NINE78,10
29,jotinha,10
30,dmarcos,10
31,walfly,10
32,greggman,10
33,stammen,10
34,jterrace,10
35,erich666,9
36,AddictArts,9
37,benaadams,9
38,srifqi,9
39,julianwa,9
40,zfedoran,9
41,valette,8
42,empaempa,8
43,daoshengmu,8
44,jonobr1,7
45,lpsinger,7
46,Oletus,7
47,okready,7
48,mrienstra,7
49,acgessler,7
50,tparisi,7
51,apendua,7
52,algrs,7
53,orgicus,6
54,Fox32,6
55,ttmike,6
56,TheoTheDev,6
57,andsve,6
58,sgrif,6
59,Bjvanminnen,6
60,drojdjou,5
61,drewnoakes,5
62,danielribeiro,5
63,nthitz,5
64,plepers,5
65,daron1337,5
66,richtr,5
67,fernandojsg,4
68,phfatmonkey,4
69,thorsummoner,4
70,bcajes,4
71,rectalogic,4
72,troffmo5,4
73,nraynaud,4
74,Beuc,4
75,213534,4
76,IceCreamYou,4
77,clockworkgeek,4
78,szimek,4
79,Jhonnyg,4
80,angelxuanchang,4
81,crobi,4
82,theo-armour,4
83,kduong,4
84,supereggbert,4
85,cowhunt,4
86,paulmasson,3
87,marklundin,3
88,rtsao,3
89,twhittock,3
90,joostfaassen,3
91,SimonVZ,3
92,ex5,3
93,merpnderp,3
94,zerorzero,3
95,rchadwic,3
96,wereHamster,3
97,isreal-breel,3
98,Digitoxin,3
99,speigg,3
100,martinwicke,3
