﻿rank,name,commits
1,jlowe,428
2,revans2,319
3,tgravescs,308
4,andygrove,306
5,abellina,190
6,pxLi,173
7,nartal1,119
8,NvTimLiu,112
9,razajafri,111
10,gerashegalov,104
11,firestarman,100
12,sameerz,83
13,sperlingxx,72
14,wbo4958,56
15,viadea,41
16,rongou,34
17,HaoYang670,30
18,res-life,27
19,NVnavkumar,23
20,mythrocks,22
21,anthony-chang,21
22,nvliyuan,19
23,amahussein,18
24,wjxiz1992,17
25,zhanga5,15
26,kuhushukla,15
27,GaryShen2008,9
28,seanprime7,6
29,rwlee,6
30,jbrennan333,5
31,ttnghia,4
32,mengdong,4
33,dependabot[bot],3
34,petro-rudenko,3
35,mattahrens,3
36,aroraakshit,2
37,shotai,2
38,nvdbaranec,2
39,sririshindra,2
40,sinkinben,2
41,calvinatnvidia,1
42,akbhuker,1
43,thirtiseven,1
44,parthosa,1
45,Dooyoung-Hwang,1
46,Salonijain27,1
47,LuciferYang,1
48,mgzhao,1
49,shaneding,1
50,willb,1
