﻿rank,name,commits
1,drnikolaev,604
2,shelhamer,563
3,jeffdonahue,551
4,Yangqing,354
5,longjon,257
6,sguada,154
7,kloudkl,144
8,borisgin,100
9,sergeyk,98
10,lukeyeager,87
11,ronghanghu,47
12,borisfom,44
13,qipeng,42
14,rbgirshick,22
15,flx42,20
16,philkr,19
17,cypof,18
18,eelstork,18
19,dgolden1,17
20,slayton58,16
21,mavenlin,16
22,jamt9000,13
23,tnarihi,11
24,NV-slayton,11
25,yosinski,10
26,mohomran,9
27,erictzeng,9
28,thatguymike,9
29,jyegerlehner,8
30,kkhoot,8
31,ducha-aiki,8
32,mtamburrano,7
33,netheril96,7
34,BlGene,6
35,ste-m5s,6
36,timmeinhardt,6
37,pluskid,5
38,achalddave,5
39,pjin-nvidia,5
40,tdomhan,5
41,gustavla,5
42,fyu,5
43,cNikolaou,4
44,cdoersch,4
45,arntanguy,4
46,darrengarvey,4
47,chyojn,4
48,gdh1995,4
49,ozancaglayan,3
50,MartinThoma,3
51,alfredtofu,3
52,junshi15,3
53,tiangolo,3
54,mnogu,3
55,crizCraig,3
56,akosiorek,3
57,cdluminate,3
58,PatWie,3
59,kashefy,3
60,amirgholami,3
61,pooyadavoodi,3
62,baeuml,3
63,boechat107,3
64,bhack,2
65,gheinrich,2
66,ZhouYzzz,2
67,beijbom,2
68,nsubtil,2
69,DrSleep,2
70,tishibas,2
71,weinman,2
72,AdamStelmaszczyk,2
73,kornerc,2
74,beam2d,2
75,viirya,2
76,jsupancic,2
77,kibum14,2
78,niuzhiheng,2
79,norouzi,2
80,ethantang95,2
81,bchu,2
82,TorosFanny,2
83,forresti,2
84,ryotat,2
85,eerwitt,2
86,frankier,2
87,5kg,2
88,sh1r0,2
89,kjkjava,2
90,Ashwani001,2
91,gut,2
92,jczaja,2
93,rodrigob,2
94,pannous,2
95,dbermond,1
96,wk910930,1
97,drewabbot,1
98,ngaloppo,1
99,ssarathy,1
100,drendleman,1
