﻿rank,name,commits
1,Kipok,277
2,blisc,240
3,okuchaiev,199
4,xravitejax,163
5,VahidooX,151
6,vsl9,132
7,borisgin,31
8,edwardhdlu,8
9,trevor-m,5
10,ka-bu,5
11,vsuthichai,5
12,nluehr,3
13,mvankeirsbilck,3
14,trentlo,3
15,madrugado,3
16,virajkarandikar,3
17,arnav1993k,2
18,samikama,2
19,GabrielLin,2
20,RaymondNie,2
21,bmwshop,1
22,Shujian2015,1
23,siddharthbhatnagar,1
24,Edresson,1
25,giranntu,1
26,gioannides,1
27,AlexGrinch,1
28,w4-anthony,1
29,LouisChen1992,1
30,the01,1
31,matanhs,1
32,otstrel,1
