﻿rank,name,commits
1,definitelynotmcarilli,247
2,thorjohnsen,142
3,mcarilli,63
4,crcrpar,55
5,kexinyu,36
6,FDecaYed,30
7,csarofeen,30
8,jjsjann123,24
9,ptrblck,23
10,carlc-nv,20
11,eqy,17
12,seryilmaz,16
13,ekrimer,8
14,slayton58,8
15,kevinstephano,6
16,timmoon10,6
17,a-maci,6
18,syed-ahmed,6
19,yjk21,5
20,mkolod,4
21,xwang233,4
22,romerojosh,3
23,raulpuric,3
24,alpha0422,3
25,nanz-nv,3
26,Aidyn-A,2
27,BramVanroy,2
28,schetlur,2
29,stas00,2
30,ngimel,2
31,LamDang,2
32,chochowski,2
33,pooyadavoodi,2
34,ezyang,2
35,henrymai,2
36,cclauss,2
37,Tony-Y,1
38,gpapan,1
39,ajtulloch,1
40,jma127,1
41,rxy1212,1
42,donglixp,1
43,TimZaman,1
44,enricoschroeder,1
45,a-y-khan,1
46,michaelrglass,1
47,mannatsingh,1
48,ShoufaChen,1
49,vreis,1
50,riskybacon,1
51,jayrodge,1
52,lly-zero-one,1
53,ntenenz,1
54,tgrel,1
55,rmrao,1
56,rotabulo,1
57,JanuszL,1
58,asears,1
59,glenn-jocher,1
60,puririshi98,1
61,ChongyuNVIDIA,1
62,justusschock,1
63,vfdev-5,1
64,myleott,1
65,diggerdu,1
66,aronhoff,1
67,yuanzhedong,1
68,msbaines,1
69,f0k,1
70,shintaro-iwasaki,1
71,sudhakarsingh27,1
72,cbcase,1
73,MaximumEntropy,1
74,bonlime,1
75,whyjay,1
76,VitalyFedyunin,1
77,brettkoonce,1
78,azrael417,1
79,DTennant,1
80,PerkzZheng,1
81,jpool-nv,1
82,Cubbee,1
83,xeonvs,1
84,gilshm,1
85,szmigacz,1
86,blisc,1
87,timotheecour,1
88,saranshkarira,1
