﻿rank,name,commits
1,JanuszL,771
2,jantonguirao,390
3,mzient,360
4,klecki,315
5,szalpal,145
6,awolant,111
7,Kh4L,108
8,banasraf,70
9,stiepan,50
10,ptrendx,48
11,ksztenderski,20
12,a-sansanwal,16
13,szkarpinski,13
14,barci2,12
15,cliffwoolley,12
16,kychennv,10
17,majra20,9
18,cyyever,8
19,pribalta,8
20,willthefrog,6
21,azrael417,6
22,prak-nv,5
23,drivanov,4
24,cclauss,4
25,joehandzik,3
26,AlexBula,3
27,wojciechpr,2
28,TheTimemaster,2
29,slayton58,2
30,MirazSpecial,2
31,00max09,2
32,sneaxiy,2
33,epaminondas,2
34,hartb,2
35,gzygzy9211,2
36,jmicota,2
37,PawelA,2
38,wonrzrzeczny,2
39,madebyollin,1
40,code-review-doctor,1
41,paulbisso,1
42,shoaibahmed,1
43,andi4191,1
44,kindoblue,1
45,DEKHTIARJonathan,1
46,roclark,1
47,00liujj,1
48,rajkaramchedu-nvidia,1
49,staniewzki,1
50,jasonxzhou,1
51,bonlime,1
52,mchalecki,1
53,lbhm,1
54,aalugore,1
55,mwbyeon,1
56,florischabert,1
57,cirquit,1
58,moconnor725,1
59,stratoes,1
60,y1r,1
61,romerojosh,1
62,SiftingSands,1
63,zsef123,1
64,flx42,1
65,TobiFisch,1
66,matthew-frank,1
67,AntoineFroger,1
68,pkashinkunti,1
69,pi-rate14,1
70,maxcuda,1
71,crcrpar,1
72,HollowMan6,1
73,Mykelo,1
