﻿rank,name,commits
1,jaredhoberock,"2,133"
2,wnbell,592
3,brycelelbach,377
4,allisonvacanti,289
5,FilipeMaia,66
6,griwes,58
7,senior-zero,27
8,andrewcorrigan,13
9,dkolsen-pgi,12
10,jrhemstad,12
11,nwhitehead,10
12,bjude,8
13,germasch,6
14,fkallen,5
15,dfontainenvidia,5
16,rongou,5
17,msadang,5
18,kperelygin,4
19,chengjiew,4
20,djns99,4
21,robertmaynard,4
22,mfrancis95,4
23,rjray-nvidia,3
24,StephanDollberg,3
25,3gx,3
26,raydouglass,3
27,ericniebler,2
28,sgodithi1,2
29,dumerrill,2
30,hwinkler,2
31,codereport,2
32,ccecka,2
33,lilohuang,2
34,zhihaoy,2
35,sdalton1,2
36,RAMitchell,2
37,upsj,2
38,AdeilH,2
39,jlowe,2
40,bjoernthiel,2
41,tomilov,1
42,souravzzz,1
43,trevorsm7,1
44,atchouprakov,1
45,stotko,1
46,divyegala,1
47,johntyree,1
48,eford,1
49,kkraus14,1
50,nvibd,1
51,ahehn-nv,1
52,vuule,1
53,robinw0928,1
54,Garthof,1
55,r-barnes,1
56,flatdietsoda-git,1
57,mkuron,1
58,matt-stack,1
59,karthikeyann,1
60,zasdfgbnm,1
61,standbyme,1
62,slayoo,1
63,PhilipDeegan,1
64,bdice,1
65,mfbalin,1
66,LydiaZhang2017,1
67,Balnian,1
68,ToruNiina,1
69,rcrovella,1
70,aedeny,1
71,stinch,1
72,zyv,1
