﻿rank,name,commits
1,octo,"3,244"
2,rubenk,"1,058"
3,tokkee,720
4,rpv-tomsk,354
5,abays,142
6,pyr,103
7,Feandil,86
8,dago,56
9,manuelluis,54
10,vmytnykx,36
11,dougm,36
12,daryder,28
13,paul,28
14,marekbecka,27
15,ymettier,25
16,darinkes,24
17,rjablonx,24
18,fromanirh,23
19,vincentbernat,21
20,kev009,21
21,jssjr,19
22,rkorynkx,19
23,igorpeshansky,19
24,bbczeuz,18
25,dothebart,18
26,zebity,16
27,rinigus,16
28,dfandrich,15
29,karcaw,14
30,serhiyx,14
31,biot,14
32,mbe-financial-com,13
33,powdahound,13
34,pszczerx,13
35,yogeswaran,12
36,jaroug,12
37,bgilbert,12
38,SeanCampbell,12
39,taraschornyi,12
40,mmozejkx,11
41,AlexZzz,11
42,mark-kavanagh,11
43,kimmariejones,11
44,krzysztofx,11
45,baryonix,11
46,mrunge,11
47,elieyal,11
48,kwiatrox,11
49,PeterHolik,10
50,anaudx,10
51,landryb,10
52,usev6,10
53,katzj,9
54,shastah,9
55,mlichvar,9
56,loginator17,9
57,tmm1,9
58,jktjkt,8
59,icosmin,8
60,aleksinx,8
61,MariuszX,8
62,NicolasJourden,8
63,qdbp,8
64,ajssmith,8
65,jjmaestro,7
66,ChrisLundquist,7
67,andhe,7
68,stapelberg,6
69,rorysexton,6
70,cpaelzer,6
71,falzm,6
72,nuclearcat,6
73,lilydjwg,6
74,xavierog,6
75,deymo,6
76,xeroc,6
77,mchiappero,6
78,osctobe,6
79,mstarzyx,6
80,gerrieroos,5
81,idank,5
82,blarz,5
83,kevin-laatz-intel,5
84,dmatetelki,5
85,btoneill,5
86,brianpkelly,5
87,cstenac,5
88,ion1,5
89,komeda-shinji,5
90,mafgh,5
91,biancalana,5
92,XANi,4
93,ometol,4
94,cvicente,4
95,cekstam,4
96,cjmayo,4
97,manio,4
98,teknoraver,4
99,jiriproX,4
100,jplitza,4
