﻿rank,name,commits
1,okuchaiev,557
2,blisc,383
3,titu1994,345
4,VahidooX,322
5,ekmb,279
6,yzhang123,278
7,tkornuta-nvidia,248
8,ericharper,182
9,redoctopus,110
10,nithinraok,109
11,drnikolaev,83
12,chiphuyen,75
13,MaximumEntropy,70
14,borisfom,55
15,fayejf,45
16,Oktai15,34
17,michalivne,31
18,stasbel,31
19,vsl9,31
20,AlexGrinch,25
21,purn3ndu,25
22,PeganovAnton,24
23,vadam5,23
24,ryanleary,23
25,jbalam-nv,22
26,DEKHTIARJonathan,21
27,MuyangDu,21
28,yidong72,19
29,vladgets,19
30,tango4j,15
31,tbartley94,14
32,pchitale1,12
33,XuesongYang,12
34,aklife97,11
35,sam1373,10
36,bmwshop,10
37,Zhilin123,9
38,mousebaiker,9
39,khcs,7
40,mchrzanowski,7
41,jantonguirao,6
42,stevehuang52,6
43,SeanNaren,6
44,bonham79,5
45,khursani8,5
46,itzsimpl,4
47,felixkreuk,4
48,RPrenger,4
49,GNroy,4
50,carolmanderson,4
51,xrennvidia,4
52,krishnacpuvvada,4
53,dimapihtar,4
54,erastorgueva-nv,4
55,subhankar-ghosh,4
56,Slyne,4
57,borisdayma,4
58,hkelly33,4
59,harisankarh,4
60,kkersten,3
61,ttyio,3
62,seovchinnikov,3
63,skyw,3
64,shan18,3
65,bene-ges,3
66,erhoo82,3
67,LynseyFabel,3
68,gtcooke94,2
69,m-toman,2
70,ramanathan831,2
71,virajkarandikar,2
72,vinchg,2
73,magictron,2
74,yaoyu-33,2
75,alancucki,2
76,niklub,2
77,antimora,2
78,chenrichard10,2
79,Honghe,2
80,L0SG,2
81,crcrpar,2
82,entn-at,1
83,jpilaul,1
84,saarus72,1
85,aroraakshit,1
86,lifefeel,1
87,osanseviero,1
88,treacker,1
89,meghmak13,1
90,anteju,1
91,themikem,1
92,jubick1337,1
93,karpov-nick,1
94,guidefloripa,1
95,Jorjeous,1
96,demsarjure,1
97,nickolyamba,1
98,gkucsko,1
99,jasro23,1
100,artbataev,1
